policy,n,n_resolved,resolve_rate,mean_cost_per_task
none,2,2,1.0,0.00016732500000000001
position_aware,2,2,1.0,0.00016732500000000001
prefix_preserving,2,2,1.0,0.00016732500000000001
