task_id,msg_index,role,tokens,cites,attn_per_token,attn_total
0c699abf-bc77-454a-8197-d56a2294098a,0,system,4096,5,0.062500,255.999512
67584368-7a5c-4d7a-b682-40ee44ff8c61,0,system,4096,1,0.062500,255.999512
71beb770-2c25-4376-b4db-0d2eaa7c2234,0,system,4096,5,0.062500,255.999512
8ffd06f9-f10f-4aeb-8ef2-57f8bb8f0f8e,0,system,4096,5,0.062500,255.999512
59ddeaf9-0bcd-47b5-8847-f411db09f692,0,system,4096,5,0.062500,255.999512
