policy,anthropic/claude-sonnet-4-6,anthropic/claude-haiku-4-5,anthropic/claude-opus-4-7,openai/gpt-4.1,openai/gpt-4.1-mini,qwen/qwen3-30b-a3b,hf:Qwen/Qwen3-30B-A3B-Instruct-2507,Qwen/Qwen3-30B-A3B-Instruct-2507,Qwen/Qwen3-14B-Instruct-2507,hf:Qwen/Qwen3-14B-Instruct-2507,qwen/qwen3-8b,Qwen/Qwen3-4B-Instruct-2507,vllm:Qwen/Qwen3-4B-Instruct-2507,meta/llama-3.3-70b-together
microcompact,0.097442,0.032481,0.487210,0.105598,0.021120,0.002839,0.002839,0.002839,0.001703,0.001703,0.001419,0.000710,0.000710,0.021379
none,0.118362,0.039454,0.591811,0.127938,0.025588,0.003456,0.003456,0.003456,0.002073,0.002073,0.001728,0.000864,0.000864,0.026100
position_aware,0.133784,0.044595,0.668921,0.145227,0.029045,0.003924,0.003924,0.003924,0.002355,0.002355,0.001962,0.000981,0.000981,0.029823
prefix_preserving,0.218965,0.072988,1.094824,0.209998,0.042000,0.006354,0.006354,0.006354,0.003812,0.003812,0.003177,0.001588,0.001588,0.047595
