policy,anthropic/claude-sonnet-4-6,anthropic/claude-haiku-4-5,anthropic/claude-opus-4-7,openai/gpt-4.1,openai/gpt-4.1-mini,qwen/qwen3-30b-a3b,hf:Qwen/Qwen3-30B-A3B-Instruct-2507,Qwen/Qwen3-30B-A3B-Instruct-2507,Qwen/Qwen3-14B-Instruct-2507,hf:Qwen/Qwen3-14B-Instruct-2507,qwen/qwen3-8b,Qwen/Qwen3-4B-Instruct-2507,vllm:Qwen/Qwen3-4B-Instruct-2507,meta/llama-3.3-70b-together
evict_oldest,3.244241,1.081414,16.221204,2.503966,0.500793,0.097700,0.097700,0.097700,0.058620,0.058620,0.048850,0.024425,0.024425,0.767875
llm_reorganizer,3.018411,1.006137,15.092055,3.007022,0.601404,0.090842,0.090842,0.090842,0.054505,0.054505,0.045421,0.022711,0.022711,0.713424
microcompact,2.899556,0.966519,14.497779,2.352442,0.470488,0.084368,0.084368,0.084368,0.050621,0.050621,0.042184,0.021092,0.021092,0.634341
none,0.972460,0.324153,4.862299,1.103902,0.220780,0.028221,0.028221,0.028221,0.016933,0.016933,0.014110,0.007055,0.007055,0.211433
position_aware,3.248190,1.082730,16.240951,2.510058,0.502012,0.097790,0.097790,0.097790,0.058674,0.058674,0.048895,0.024448,0.024448,0.768309
prefix_preserving,1.364872,0.454957,6.824358,1.275761,0.255152,0.044294,0.044294,0.044294,0.026576,0.026576,0.022147,0.011073,0.011073,0.379204
