policy,n,n_resolved,resolve_rate,mean_cost_per_task
evict_oldest,4,1,0.25,0.02442499
llm_reorganizer,4,1,0.25,0.022710575000000004
microcompact,4,1,0.25,0.021092015000000002
none,4,2,0.5,0.014110464999999999
position_aware,4,1,0.25,0.0244476025
prefix_preserving,4,1,0.25,0.01107338
