benchmark,model,policy,n_tasks,n_resolved,n_compactions_total,mean_steps,mean_prompt_tokens,mean_cached_tokens,mean_cliff_blocks,cost_per_resolved__anthropic/claude-sonnet-4-6,cost_per_resolved__anthropic/claude-haiku-4-5,cost_per_resolved__anthropic/claude-opus-4-7,cost_per_resolved__openai/gpt-4.1,cost_per_resolved__openai/gpt-4.1-mini,cost_per_resolved__qwen/qwen3-30b-a3b,cost_per_resolved__hf:Qwen/Qwen3-30B-A3B-Instruct-2507,cost_per_resolved__Qwen/Qwen3-30B-A3B-Instruct-2507,cost_per_resolved__Qwen/Qwen3-14B-Instruct-2507,cost_per_resolved__hf:Qwen/Qwen3-14B-Instruct-2507,cost_per_resolved__qwen/qwen3-8b,cost_per_resolved__Qwen/Qwen3-4B-Instruct-2507,cost_per_resolved__vllm:Qwen/Qwen3-4B-Instruct-2507,cost_per_resolved__meta/llama-3.3-70b-together
swebench_live,Qwen/Qwen3-30B-A3B-Instruct-2507,evict_oldest,4,1,37,31.50,539259,371294,1.447,3.244241,1.081414,16.221204,2.503966,0.500793,0.097700,0.097700,0.097700,0.058620,0.058620,0.048850,0.024425,0.024425,0.767875
swebench_live,Qwen/Qwen3-30B-A3B-Instruct-2507,llm_reorganizer,4,1,91,31.50,992198,910385,3.353,3.018411,1.006137,15.092055,3.007022,0.601404,0.090842,0.090842,0.090842,0.054505,0.054505,0.045421,0.022711,0.022711,0.713424
swebench_live,Qwen/Qwen3-30B-A3B-Instruct-2507,microcompact,4,1,43,31.50,507271,396539,3.538,2.899556,0.966519,14.497779,2.352442,0.470488,0.084368,0.084368,0.084368,0.050621,0.050621,0.042184,0.021092,0.021092,0.634341
swebench_live,Qwen/Qwen3-30B-A3B-Instruct-2507,none,4,2,0,28.00,855955,829232,0.000,0.972460,0.324153,4.862299,1.103902,0.220780,0.028221,0.028221,0.028221,0.016933,0.016933,0.014110,0.007055,0.007055,0.211433
swebench_live,Qwen/Qwen3-30B-A3B-Instruct-2507,position_aware,4,1,37,31.50,542234,374520,1.447,3.248190,1.082730,16.240951,2.510058,0.502012,0.097790,0.097790,0.097790,0.058674,0.058674,0.048895,0.024448,0.024448,0.768309
swebench_live,Qwen/Qwen3-30B-A3B-Instruct-2507,prefix_preserving,4,1,12,21.75,342714,288318,1.246,1.364872,0.454957,6.824358,1.275761,0.255152,0.044294,0.044294,0.044294,0.026576,0.026576,0.022147,0.011073,0.011073,0.379204
