policy,n,n_resolved,resolve_rate,mean_cost_per_task
microcompact,6,6,1.0,0.00283873
none,6,5,0.8333333333333334,0.0028797366666666667
position_aware,6,5,0.8333333333333334,0.003270195
prefix_preserving,6,4,0.6666666666666666,0.004235783333333333
